gene_name	source
RPL21	retrogeneDB2-retrocopy
PPIA	retrogeneDB2-retrocopy
RPL23A	retrogeneDB2-retrocopy
KRT18	retrogeneDB2-retrocopy
HNRNPA1	retrogeneDB2-retrocopy
RPL7	retrogeneDB2-retrocopy
HMGN2	retrogeneDB2-retrocopy
RPS2	retrogeneDB2-retrocopy
RPL31	retrogeneDB2-retrocopy
RPL12	retrogeneDB2-retrocopy
RPL7A	retrogeneDB2-retrocopy
GAPDH	retrogeneDB2-retrocopy
RPS3A	retrogeneDB2-retrocopy
HMGB1	retrogeneDB2-retrocopy
RPS15A	retrogeneDB2-retrocopy
RPL34	retrogeneDB2-retrocopy
RPL17	retrogeneDB2-retrocopy
RPL5	retrogeneDB2-retrocopy
NPM1	retrogeneDB2-retrocopy
RPL26	retrogeneDB2-retrocopy
KRT8	retrogeneDB2-retrocopy
RPL9	retrogeneDB2-retrocopy
EEF1A1	retrogeneDB2-retrocopy
RPL13A	retrogeneDB2-retrocopy
RPS20	retrogeneDB2-retrocopy
RPL6	retrogeneDB2-retrocopy
RPL32	retrogeneDB2-retrocopy
RPS12	retrogeneDB2-retrocopy
BNIP3	retrogeneDB2-retrocopy
RPL7A	retrogeneDB2-retrocopy
RPL7L1	retrogeneDB2-retrocopy
RPL29	retrogeneDB2-retrocopy
RPS10	retrogeneDB2-retrocopy
RPL19	retrogeneDB2-retrocopy
RPL37	retrogeneDB2-retrocopy
FTH1	retrogeneDB2-retrocopy
RPL13	retrogeneDB2-retrocopy
RPL36A	retrogeneDB2-retrocopy
RPL36A	retrogeneDB2-retrocopy
RPS4X	retrogeneDB2-retrocopy
NDUFA4	retrogeneDB2-retrocopy
RSL24D1	retrogeneDB2-retrocopy
RPLP1	retrogeneDB2-retrocopy
PHB	retrogeneDB2-retrocopy
HSPE1	retrogeneDB2-retrocopy
CNN2	retrogeneDB2-retrocopy
ST13	retrogeneDB2-retrocopy
RPS6	retrogeneDB2-retrocopy
PFN1	retrogeneDB2-retrocopy
RPS17L	retrogeneDB2-retrocopy
RPL22	retrogeneDB2-retrocopy
RPS7	retrogeneDB2-retrocopy
ASS1	retrogeneDB2-retrocopy
RPL3	retrogeneDB2-retrocopy
TAF11	retrogeneDB2-retrocopy
VDAC1	retrogeneDB2-retrocopy
HMGB3	retrogeneDB2-retrocopy
RARRES2	retrogeneDB2-retrocopy
RPL15	retrogeneDB2-retrocopy
RPL36	retrogeneDB2-retrocopy
PPP1R2	retrogeneDB2-retrocopy
SET	retrogeneDB2-retrocopy
FABP5	retrogeneDB2-retrocopy
RPL10A	retrogeneDB2-retrocopy
RPS26	retrogeneDB2-retrocopy
HIGD1A	retrogeneDB2-retrocopy
TPT1	retrogeneDB2-retrocopy
SNRPG	retrogeneDB2-retrocopy
RPS16	retrogeneDB2-retrocopy
PGAM1	retrogeneDB2-retrocopy
RPL18A	retrogeneDB2-retrocopy
PTMA	retrogeneDB2-retrocopy
EIF4A1	retrogeneDB2-retrocopy
H3F3B	retrogeneDB2-retrocopy
TMA7	retrogeneDB2-retrocopy
FTL	retrogeneDB2-retrocopy
BTF3	retrogeneDB2-retrocopy
HNRNPA3	retrogeneDB2-retrocopy
RPL18	retrogeneDB2-retrocopy
SAR1A	retrogeneDB2-retrocopy
SKP1	retrogeneDB2-retrocopy
NDUFA5	retrogeneDB2-retrocopy
ACTG1	retrogeneDB2-retrocopy
RPS27A	retrogeneDB2-retrocopy
PSMC1	retrogeneDB2-retrocopy
GCSH	retrogeneDB2-retrocopy
SNRPE	retrogeneDB2-retrocopy
RPS8	retrogeneDB2-retrocopy
ATP5G1	retrogeneDB2-retrocopy
CHCHD2	retrogeneDB2-retrocopy
RPS28	retrogeneDB2-retrocopy
CBX3	retrogeneDB2-retrocopy
DNAJB6	retrogeneDB2-retrocopy
SSU72	retrogeneDB2-retrocopy
TPM3	retrogeneDB2-retrocopy
RPL30	retrogeneDB2-retrocopy
HSPA8	retrogeneDB2-retrocopy
EEF1B2	retrogeneDB2-retrocopy
RPL23	retrogeneDB2-retrocopy
DPPA3	retrogeneDB2-retrocopy
SDHD	retrogeneDB2-retrocopy
SUCLA2	retrogeneDB2-retrocopy
RPL24	retrogeneDB2-retrocopy
DNAJC19	retrogeneDB2-retrocopy
RPS14	retrogeneDB2-retrocopy
RAN	retrogeneDB2-retrocopy
AKR1B1	retrogeneDB2-retrocopy
DHFR	retrogeneDB2-retrocopy
FAM136A	retrogeneDB2-retrocopy
HMGB3	retrogeneDB2-retrocopy
MYL12B	retrogeneDB2-retrocopy
SLC25A5	retrogeneDB2-retrocopy
TXN	retrogeneDB2-retrocopy
RPS17	retrogeneDB2-retrocopy
TDGF1	retrogeneDB2-retrocopy
PRELID1	retrogeneDB2-retrocopy
DUSP8	retrogeneDB2-retrocopy
AC118758.1	retrogeneDB2-retrocopy
RPL37A	retrogeneDB2-retrocopy
RPL27A	retrogeneDB2-retrocopy
RPL14	retrogeneDB2-retrocopy
NUTF2	retrogeneDB2-retrocopy
DUT	retrogeneDB2-retrocopy
PDCL3	retrogeneDB2-retrocopy
COX5B	retrogeneDB2-retrocopy
CFL1	retrogeneDB2-retrocopy
RPLP0	retrogeneDB2-retrocopy
ARL5A	retrogeneDB2-retrocopy
EIF4B	retrogeneDB2-retrocopy
LYPLA2	retrogeneDB2-retrocopy
HSPD1	retrogeneDB2-retrocopy
ACTR3B	retrogeneDB2-retrocopy
AHCY	retrogeneDB2-retrocopy
OSTC	retrogeneDB2-retrocopy
IMPDH1	retrogeneDB2-retrocopy
ARL2BP	retrogeneDB2-retrocopy
RAB28	retrogeneDB2-retrocopy
RBMX	retrogeneDB2-retrocopy
HMGN1	retrogeneDB2-retrocopy
RPL11	retrogeneDB2-retrocopy
ISCA1	retrogeneDB2-retrocopy
NACA	retrogeneDB2-retrocopy
RAC1	retrogeneDB2-retrocopy
NDUFB4	retrogeneDB2-retrocopy
CDC42	retrogeneDB2-retrocopy
DDX6	retrogeneDB2-retrocopy
RPL27	retrogeneDB2-retrocopy
MRPS18C	retrogeneDB2-retrocopy
RPS13	retrogeneDB2-retrocopy
DDX18	retrogeneDB2-retrocopy
RPS23	retrogeneDB2-retrocopy
PA2G4	retrogeneDB2-retrocopy
RPL35	retrogeneDB2-retrocopy
TERF1	retrogeneDB2-retrocopy
APOO	retrogeneDB2-retrocopy
RPS21	retrogeneDB2-retrocopy
GXYLT1	retrogeneDB2-retrocopy
RBPJ	retrogeneDB2-retrocopy
AK4	retrogeneDB2-retrocopy
RPS5	retrogeneDB2-retrocopy
ACTB	retrogeneDB2-retrocopy
H2AFZ	retrogeneDB2-retrocopy
RPS11	retrogeneDB2-retrocopy
FCF1	retrogeneDB2-retrocopy
RBBP4	retrogeneDB2-retrocopy
SSBP3	retrogeneDB2-retrocopy
CXADR	retrogeneDB2-retrocopy
ATP5F1	retrogeneDB2-retrocopy
PPP4R2	retrogeneDB2-retrocopy
FDPS	retrogeneDB2-retrocopy
SNRPC	retrogeneDB2-retrocopy
ATP5G2	retrogeneDB2-retrocopy
SLMO2	retrogeneDB2-retrocopy
CENPV	retrogeneDB2-retrocopy
RPL4	retrogeneDB2-retrocopy
COX7B	retrogeneDB2-retrocopy
TOMM22	retrogeneDB2-retrocopy
SLC25A6	retrogeneDB2-retrocopy
IGBP1	retrogeneDB2-retrocopy
RPLP2	retrogeneDB2-retrocopy
TOMM20	retrogeneDB2-retrocopy
SRSF10	retrogeneDB2-retrocopy
TPMT	retrogeneDB2-retrocopy
NANOG	retrogeneDB2-retrocopy
TOMM40	retrogeneDB2-retrocopy
SMARCE1	retrogeneDB2-retrocopy
H3F3A	retrogeneDB2-retrocopy
C1D	retrogeneDB2-retrocopy
LDHA	retrogeneDB2-retrocopy
TFDP1	retrogeneDB2-retrocopy
RFK	retrogeneDB2-retrocopy
UBE2D4	retrogeneDB2-retrocopy
ABCB10	retrogeneDB2-retrocopy
RPS19	retrogeneDB2-retrocopy
FKBP4	retrogeneDB2-retrocopy
PTPN11	retrogeneDB2-retrocopy
EEF1G	retrogeneDB2-retrocopy
PTGES3	retrogeneDB2-retrocopy
LSM3	retrogeneDB2-retrocopy
DUXA	retrogeneDB2-retrocopy
RPE	retrogeneDB2-retrocopy
ATP5L	retrogeneDB2-retrocopy
COX6B1	retrogeneDB2-retrocopy
MED28	retrogeneDB2-retrocopy
MKI67IP	retrogeneDB2-retrocopy
RPS25	retrogeneDB2-retrocopy
WASF3	retrogeneDB2-retrocopy
SMS	retrogeneDB2-retrocopy
XRCC6	retrogeneDB2-retrocopy
ACP1	retrogeneDB2-retrocopy
ARPC3	retrogeneDB2-retrocopy
AMD1	retrogeneDB2-retrocopy
MTHFD2	retrogeneDB2-retrocopy
PTP4A1	retrogeneDB2-retrocopy
E2F6	retrogeneDB2-retrocopy
UQCRH	retrogeneDB2-retrocopy
UFM1	retrogeneDB2-retrocopy
SUMO1	retrogeneDB2-retrocopy
FAM32A	retrogeneDB2-retrocopy
CBX1	retrogeneDB2-retrocopy
ELK1	retrogeneDB2-retrocopy
GLUL	retrogeneDB2-retrocopy
RPS15	retrogeneDB2-retrocopy
RPS3	retrogeneDB2-retrocopy
COX7B	retrogeneDB2-retrocopy
FAM133B	retrogeneDB2-retrocopy
CDK2AP2	retrogeneDB2-retrocopy
FKBP5	retrogeneDB2-retrocopy
UBE2V1	retrogeneDB2-retrocopy
AIDA	retrogeneDB2-retrocopy
SDHC	retrogeneDB2-retrocopy
MRPL35	retrogeneDB2-retrocopy
HMGA1	retrogeneDB2-retrocopy
GRPEL1	retrogeneDB2-retrocopy
C8orf59	retrogeneDB2-retrocopy
RHEB	retrogeneDB2-retrocopy
YBX1	retrogeneDB2-retrocopy
SPCS2	retrogeneDB2-retrocopy
TCEA1	retrogeneDB2-retrocopy
RPL28	retrogeneDB2-retrocopy
ATP5H	retrogeneDB2-retrocopy
PTP4A2	retrogeneDB2-retrocopy
CMC1	retrogeneDB2-retrocopy
SRSF3	retrogeneDB2-retrocopy
NEK2	retrogeneDB2-retrocopy
FAM58A	retrogeneDB2-retrocopy
SPIC	retrogeneDB2-retrocopy
YWHAE	retrogeneDB2-retrocopy
DENR	retrogeneDB2-retrocopy
SUMO3	retrogeneDB2-retrocopy
NSA2	retrogeneDB2-retrocopy
KCTD9	retrogeneDB2-retrocopy
GK	retrogeneDB2-retrocopy
PSME2	retrogeneDB2-retrocopy
DNAJA1	retrogeneDB2-retrocopy
NDUFAF4	retrogeneDB2-retrocopy
PEBP1	retrogeneDB2-retrocopy
USP12	retrogeneDB2-retrocopy
FAM207A	retrogeneDB2-retrocopy
FAM91A1	retrogeneDB2-retrocopy
UBE2L3	retrogeneDB2-retrocopy
NUS1	retrogeneDB2-retrocopy
TRMT112	retrogeneDB2-retrocopy
PTTG1	retrogeneDB2-retrocopy
GOT2	retrogeneDB2-retrocopy
PPIH	retrogeneDB2-retrocopy
PPP1R14B	retrogeneDB2-retrocopy
TAF9	retrogeneDB2-retrocopy
DBI	retrogeneDB2-retrocopy
EIF4E	retrogeneDB2-retrocopy
CCNYL1	retrogeneDB2-retrocopy
MKRN1	retrogeneDB2-retrocopy
KIAA1191	retrogeneDB2-retrocopy
VENTX	retrogeneDB2-retrocopy
YWHAB	retrogeneDB2-retrocopy
PIGP	retrogeneDB2-retrocopy
SH3GL1	retrogeneDB2-retrocopy
RPS18	retrogeneDB2-retrocopy
CHCHD3	retrogeneDB2-retrocopy
SNRPF	retrogeneDB2-retrocopy
ATP6V0E1	retrogeneDB2-retrocopy
TBCA	retrogeneDB2-retrocopy
C9orf78	retrogeneDB2-retrocopy
UBL5	retrogeneDB2-retrocopy
CYB5A	retrogeneDB2-retrocopy
IDI1	retrogeneDB2-retrocopy
QRSL1	retrogeneDB2-retrocopy
EIF3F	retrogeneDB2-retrocopy
SRP14	retrogeneDB2-retrocopy
BTF3L4	retrogeneDB2-retrocopy
ATP6V1E1	retrogeneDB2-retrocopy
COX5A	retrogeneDB2-retrocopy
CRLF3	retrogeneDB2-retrocopy
SPOPL	retrogeneDB2-retrocopy
DNPH1	retrogeneDB2-retrocopy
FAM64A	retrogeneDB2-retrocopy
ATP5J	retrogeneDB2-retrocopy
CHORDC1	retrogeneDB2-retrocopy
TMEM183A	retrogeneDB2-retrocopy
RPS24	retrogeneDB2-retrocopy
PRDX3	retrogeneDB2-retrocopy
DPPA2	retrogeneDB2-retrocopy
PRDX2	retrogeneDB2-retrocopy
DNAJC8	retrogeneDB2-retrocopy
PFDN4	retrogeneDB2-retrocopy
RPS25	retrogeneDB2-retrocopy
AK3	retrogeneDB2-retrocopy
PHF5A	retrogeneDB2-retrocopy
SAPCD2	retrogeneDB2-retrocopy
HAUS1	retrogeneDB2-retrocopy
CCDC58	retrogeneDB2-retrocopy
GEMIN2	retrogeneDB2-retrocopy
EI24	retrogeneDB2-retrocopy
RPL10	retrogeneDB2-retrocopy
PCNA	retrogeneDB2-retrocopy
NAP1L1	retrogeneDB2-retrocopy
RNF181	retrogeneDB2-retrocopy
OOEP	retrogeneDB2-retrocopy
PRR13	retrogeneDB2-retrocopy
PAICS	retrogeneDB2-retrocopy
KATNBL1	retrogeneDB2-retrocopy
UBE2N	retrogeneDB2-retrocopy
NMNAT1	retrogeneDB2-retrocopy
PCNP	retrogeneDB2-retrocopy
TPI1	retrogeneDB2-retrocopy
ARF1	retrogeneDB2-retrocopy
AP3S1	retrogeneDB2-retrocopy
API5	retrogeneDB2-retrocopy
C11orf48	retrogeneDB2-retrocopy
ENSA	retrogeneDB2-retrocopy
NDUFA12	retrogeneDB2-retrocopy
UBE2C	retrogeneDB2-retrocopy
LYPLA1	retrogeneDB2-retrocopy
TWF1	retrogeneDB2-retrocopy
GNPNAT1	retrogeneDB2-retrocopy
RCC2	retrogeneDB2-retrocopy
EIF5A	retrogeneDB2-retrocopy
ATP6V1G1	retrogeneDB2-retrocopy
SLC9A3	retrogeneDB2-retrocopy
SEPHS1	retrogeneDB2-retrocopy
BRI3	retrogeneDB2-retrocopy
BOD1	retrogeneDB2-retrocopy
PDAP1	retrogeneDB2-retrocopy
ADH5	retrogeneDB2-retrocopy
CALM3	retrogeneDB2-retrocopy
MAP1LC3B	retrogeneDB2-retrocopy
MRPL42	retrogeneDB2-retrocopy
SOD1	retrogeneDB2-retrocopy
BOLA3	retrogeneDB2-retrocopy
NRBF2	retrogeneDB2-retrocopy
OLA1	retrogeneDB2-retrocopy
MORF4L1	retrogeneDB2-retrocopy
CTAGE5	retrogeneDB2-retrocopy
FAM60A	retrogeneDB2-retrocopy
ARL6IP1	retrogeneDB2-retrocopy
METTL15	retrogeneDB2-retrocopy
RHOQ	retrogeneDB2-retrocopy
FUNDC2	retrogeneDB2-retrocopy
MOB1A	retrogeneDB2-retrocopy
MINOS1	retrogeneDB2-retrocopy
PIGF	retrogeneDB2-retrocopy
PRPF38A	retrogeneDB2-retrocopy
PIN4	retrogeneDB2-retrocopy
SELK	retrogeneDB2-retrocopy
PSMD10	retrogeneDB2-retrocopy
GTF3C6	retrogeneDB2-retrocopy
RPS18	retrogeneDB2-retrocopy
NUP50	retrogeneDB2-retrocopy
ANP32A	retrogeneDB2-retrocopy
KNOP1	retrogeneDB2-retrocopy
HRSP12	retrogeneDB2-retrocopy
SERBP1	retrogeneDB2-retrocopy
CDC27	retrogeneDB2-retrocopy
EIF2S2	retrogeneDB2-retrocopy
MOB4	retrogeneDB2-retrocopy
IGF2BP2	retrogeneDB2-retrocopy
PDLIM1	retrogeneDB2-retrocopy
TMEM230	retrogeneDB2-retrocopy
KRT19	retrogeneDB2-retrocopy
HNRNPH1	retrogeneDB2-retrocopy
MMADHC	retrogeneDB2-retrocopy
PSAT1	retrogeneDB2-retrocopy
NDUFB8	retrogeneDB2-retrocopy
HNRNPK	retrogeneDB2-retrocopy
VTI1B	retrogeneDB2-retrocopy
ANXA2	retrogeneDB2-retrocopy
SLC2A3	retrogeneDB2-retrocopy
RPA3	retrogeneDB2-retrocopy
NDUFB9	retrogeneDB2-retrocopy
RPS18	retrogeneDB2-retrocopy
GTF2F2	retrogeneDB2-retrocopy
RBPMS2	retrogeneDB2-retrocopy
MAPK6	retrogeneDB2-retrocopy
MYCBP	retrogeneDB2-retrocopy
DYNLT1	retrogeneDB2-retrocopy
AZI2	retrogeneDB2-retrocopy
PRAMEF10	retrogeneDB2-retrocopy
PSMC6	retrogeneDB2-retrocopy
FAU	retrogeneDB2-retrocopy
TFAM	retrogeneDB2-retrocopy
FXYD6	retrogeneDB2-retrocopy
C9orf85	retrogeneDB2-retrocopy
WDR82	retrogeneDB2-retrocopy
CAPZA1	retrogeneDB2-retrocopy
CNOT7	retrogeneDB2-retrocopy
CALM1	retrogeneDB2-retrocopy
PPP1R1A	retrogeneDB2-retrocopy
RNF14	retrogeneDB2-retrocopy
RHOA	retrogeneDB2-retrocopy
C1GALT1	retrogeneDB2-retrocopy
ANP32B	retrogeneDB2-retrocopy
LDHAL6A	retrogeneDB2-retrocopy
ARF4	retrogeneDB2-retrocopy
EIF3K	retrogeneDB2-retrocopy
RAP1B	retrogeneDB2-retrocopy
NT5C	retrogeneDB2-retrocopy
EIF3I	retrogeneDB2-retrocopy
FAM96A	retrogeneDB2-retrocopy
CACYBP	retrogeneDB2-retrocopy
EIF1	retrogeneDB2-retrocopy
SDCBP	retrogeneDB2-retrocopy
MTCH1	retrogeneDB2-retrocopy
AC007390.5	retrogeneDB2-retrocopy
PMM2	retrogeneDB2-retrocopy
LDHB	retrogeneDB2-retrocopy
MRPS36	retrogeneDB2-retrocopy
DCAF4	retrogeneDB2-retrocopy
NFYC	retrogeneDB2-retrocopy
NDUFA4L2	retrogeneDB2-retrocopy
ATP1B3	retrogeneDB2-retrocopy
MEMO1	retrogeneDB2-retrocopy
ARHGAP42	retrogeneDB2-retrocopy
TMX1	retrogeneDB2-retrocopy
PERP	retrogeneDB2-retrocopy
TMEM98	retrogeneDB2-retrocopy
BCAS2	retrogeneDB2-retrocopy
FAM8A1	retrogeneDB2-retrocopy
FAM162B	retrogeneDB2-retrocopy
CDC14B	retrogeneDB2-retrocopy
SUPT20H	retrogeneDB2-retrocopy
UBE2D1	retrogeneDB2-retrocopy
ATP6V0C	retrogeneDB2-retrocopy
SNRPA1	retrogeneDB2-retrocopy
LAMTOR3	retrogeneDB2-retrocopy
PPP2R5C	retrogeneDB2-retrocopy
ZC3H11A	retrogeneDB2-retrocopy
FXN	retrogeneDB2-retrocopy
TMEM256	retrogeneDB2-retrocopy
PSMB3	retrogeneDB2-retrocopy
7-Sep	retrogeneDB2-retrocopy
ACO2	retrogeneDB2-retrocopy
TRNT1	retrogeneDB2-retrocopy
POMP	retrogeneDB2-retrocopy
MFF	retrogeneDB2-retrocopy
RPA2	retrogeneDB2-retrocopy
CCT5	retrogeneDB2-retrocopy
RBM22	retrogeneDB2-retrocopy
HDHD1	retrogeneDB2-retrocopy
RNASEH1	retrogeneDB2-retrocopy
MRTO4	retrogeneDB2-retrocopy
PAFAH1B2	retrogeneDB2-retrocopy
TARDBP	retrogeneDB2-retrocopy
NFYB	retrogeneDB2-retrocopy
SUMO2	retrogeneDB2-retrocopy
SCOC	retrogeneDB2-retrocopy
HNRNPC	retrogeneDB2-retrocopy
PRKCI	retrogeneDB2-retrocopy
YRDC	retrogeneDB2-retrocopy
CENPN	retrogeneDB2-retrocopy
FAM213A	retrogeneDB2-retrocopy
NDUFB1	retrogeneDB2-retrocopy
CYP51A1	retrogeneDB2-retrocopy
PGGT1B	retrogeneDB2-retrocopy
SUB1	retrogeneDB2-retrocopy
PTPN2	retrogeneDB2-retrocopy
TRMT1	retrogeneDB2-retrocopy
TMED2	retrogeneDB2-retrocopy
SNX5	retrogeneDB2-retrocopy
MAD2L1	retrogeneDB2-retrocopy
CTDNEP1	retrogeneDB2-retrocopy
ITPK1	retrogeneDB2-retrocopy
SUPT4H1	retrogeneDB2-retrocopy
U2AF1	retrogeneDB2-retrocopy
TXNDC17	retrogeneDB2-retrocopy
PSMC2	retrogeneDB2-retrocopy
ILF2	retrogeneDB2-retrocopy
ACAA2	retrogeneDB2-retrocopy
TPM4	retrogeneDB2-retrocopy
OAT	retrogeneDB2-retrocopy
FYTTD1	retrogeneDB2-retrocopy
PDIA3	retrogeneDB2-retrocopy
PCED1A	retrogeneDB2-retrocopy
OOSP1	retrogeneDB2-retrocopy
DEPDC1	retrogeneDB2-retrocopy
GPS2	retrogeneDB2-retrocopy
WDR45B	retrogeneDB2-retrocopy
MSL3	retrogeneDB2-retrocopy
CLNS1A	retrogeneDB2-retrocopy
UBA52	retrogeneDB2-retrocopy
NUDT15	retrogeneDB2-retrocopy
CHP1	retrogeneDB2-retrocopy
GM2A	retrogeneDB2-retrocopy
TMEM167A	retrogeneDB2-retrocopy
NUDC	retrogeneDB2-retrocopy
CLTA	retrogeneDB2-retrocopy
COPS8	retrogeneDB2-retrocopy
ZNF655	retrogeneDB2-retrocopy
SNX19	retrogeneDB2-retrocopy
LSM2	retrogeneDB2-retrocopy
PTGR1	retrogeneDB2-retrocopy
HSPB1	retrogeneDB2-retrocopy
TMEM14C	retrogeneDB2-retrocopy
KIAA1143	retrogeneDB2-retrocopy
MEIS3	retrogeneDB2-retrocopy
ARPC1A	retrogeneDB2-retrocopy
ACTR2	retrogeneDB2-retrocopy
NDUFB5	retrogeneDB2-retrocopy
RNF2	retrogeneDB2-retrocopy
ESRRA	retrogeneDB2-retrocopy
SNRPB2	retrogeneDB2-retrocopy
SLC25A1	retrogeneDB2-retrocopy
DYNLT3	retrogeneDB2-retrocopy
LSM6	retrogeneDB2-retrocopy
CHMP5	retrogeneDB2-retrocopy
STRADB	retrogeneDB2-retrocopy
CCDC86	retrogeneDB2-retrocopy
SYNGR2	retrogeneDB2-retrocopy
AGK	retrogeneDB2-retrocopy
SLIRP	retrogeneDB2-retrocopy
ZBTB8OS	retrogeneDB2-retrocopy
METTL5	retrogeneDB2-retrocopy
CAP1	retrogeneDB2-retrocopy
SF3A3	retrogeneDB2-retrocopy
RAB1A	retrogeneDB2-retrocopy
AC110615.1	retrogeneDB2-retrocopy
PRKRA	retrogeneDB2-retrocopy
ARPP19	retrogeneDB2-retrocopy
DSTN	retrogeneDB2-retrocopy
UCHL1	retrogeneDB2-retrocopy
SRP72	retrogeneDB2-retrocopy
POLR3G	retrogeneDB2-retrocopy
PSMA6	retrogeneDB2-retrocopy
ERH	retrogeneDB2-retrocopy
NHP2	retrogeneDB2-retrocopy
RPL26L1	retrogeneDB2-retrocopy
IPMK	retrogeneDB2-retrocopy
BIN2	retrogeneDB2-retrocopy
THEM4	retrogeneDB2-retrocopy
TMA16	retrogeneDB2-retrocopy
STRAP	retrogeneDB2-retrocopy
HSBP1	retrogeneDB2-retrocopy
BZW1	retrogeneDB2-retrocopy
PAFAH1B1	retrogeneDB2-retrocopy
CLIC4	retrogeneDB2-retrocopy
GYG1	retrogeneDB2-retrocopy
NIP7	retrogeneDB2-retrocopy
YWHAQ	retrogeneDB2-retrocopy
COX7A2	retrogeneDB2-retrocopy
BAK1	retrogeneDB2-retrocopy
CIR1	retrogeneDB2-retrocopy
DNAJC17	retrogeneDB2-retrocopy
PSMD7	retrogeneDB2-retrocopy
PABPC4	retrogeneDB2-retrocopy
SRM	retrogeneDB2-retrocopy
GATC	retrogeneDB2-retrocopy
ADI1	retrogeneDB2-retrocopy
RWDD4	retrogeneDB2-retrocopy
PRDX6	retrogeneDB2-retrocopy
PSMB5	retrogeneDB2-retrocopy
C11orf58	retrogeneDB2-retrocopy
RPS18	retrogeneDB2-retrocopy
C2orf15	retrogeneDB2-retrocopy
PIP5K1A	retrogeneDB2-retrocopy
PTCD2	retrogeneDB2-retrocopy
EIF4A2	retrogeneDB2-retrocopy
H2AFV	retrogeneDB2-retrocopy
ACBD7	retrogeneDB2-retrocopy
CS	retrogeneDB2-retrocopy
SHISA5	retrogeneDB2-retrocopy
C1QBP	retrogeneDB2-retrocopy
WASF2	retrogeneDB2-retrocopy
HSP90AA1	retrogeneDB2-retrocopy
PPA1	retrogeneDB2-retrocopy
DNAJC15	retrogeneDB2-retrocopy
TCEB2	retrogeneDB2-retrocopy
YY1	retrogeneDB2-retrocopy
LSM5	retrogeneDB2-retrocopy
WBP1	retrogeneDB2-retrocopy
HSP90AB1	retrogeneDB2-retrocopy
TMEM126A	retrogeneDB2-retrocopy
CCT6A	retrogeneDB2-retrocopy
BRD7	retrogeneDB2-retrocopy
MYL6	retrogeneDB2-retrocopy
ACTR3	retrogeneDB2-retrocopy
NDUFB10	retrogeneDB2-retrocopy
SSB	retrogeneDB2-retrocopy
NUDT4	retrogeneDB2-retrocopy
NENF	retrogeneDB2-retrocopy
RAD23B	retrogeneDB2-retrocopy
PKM	retrogeneDB2-retrocopy
RANBP1	retrogeneDB2-retrocopy
TIPIN	retrogeneDB2-retrocopy
SNRPD1	retrogeneDB2-retrocopy
EIF4H	retrogeneDB2-retrocopy
AKTIP	retrogeneDB2-retrocopy
APOA1BP	retrogeneDB2-retrocopy
HAX1	retrogeneDB2-retrocopy
FDX1	retrogeneDB2-retrocopy
DNAJC9	retrogeneDB2-retrocopy
HSP90B1	retrogeneDB2-retrocopy
MAGOH	retrogeneDB2-retrocopy
SETD8	retrogeneDB2-retrocopy
SELT	retrogeneDB2-retrocopy
NOL11	retrogeneDB2-retrocopy
HOMER2	retrogeneDB2-retrocopy
HCN2	retrogeneDB2-retrocopy
DDX50	retrogeneDB2-retrocopy
CTDSP2	retrogeneDB2-retrocopy
PCBP2	retrogeneDB2-retrocopy
CCT8	retrogeneDB2-retrocopy
UQCRB	retrogeneDB2-retrocopy
CSRP2	retrogeneDB2-retrocopy
PGK1	retrogeneDB2-retrocopy
MTCH2	retrogeneDB2-retrocopy
SDAD1	retrogeneDB2-retrocopy
WBP11	retrogeneDB2-retrocopy
UBE2F	retrogeneDB2-retrocopy
LIN28A	retrogeneDB2-retrocopy
C20orf27	retrogeneDB2-retrocopy
TNPO1	retrogeneDB2-retrocopy
TXNL4A	retrogeneDB2-retrocopy
CRB3	retrogeneDB2-retrocopy
TIMM9	retrogeneDB2-retrocopy
SAP18	retrogeneDB2-retrocopy
RALBP1	retrogeneDB2-retrocopy
VOPP1	retrogeneDB2-retrocopy
FAM210B	retrogeneDB2-retrocopy
WDR4	retrogeneDB2-retrocopy
PSMA2	retrogeneDB2-retrocopy
TMED10	retrogeneDB2-retrocopy
CDK2AP1	retrogeneDB2-retrocopy
CHMP1A	retrogeneDB2-retrocopy
RPSA	retrogeneDB2-retrocopy
RCN1	retrogeneDB2-retrocopy
ISCU	retrogeneDB2-retrocopy
EIF1AX	retrogeneDB2-retrocopy
FBLIM1	retrogeneDB2-retrocopy
GRPEL2	retrogeneDB2-retrocopy
DYNLRB1	retrogeneDB2-retrocopy
ACTG1	retrogeneDB2-retrocopy
TTC3	retrogeneDB2-retrocopy
RNF145	retrogeneDB2-retrocopy
PARK7	retrogeneDB2-retrocopy
NAA50	retrogeneDB2-retrocopy
BMPR1A	retrogeneDB2-retrocopy
RALA	retrogeneDB2-retrocopy
MRPS36	retrogeneDB2-retrocopy
PGAM5	retrogeneDB2-retrocopy
GPATCH11	retrogeneDB2-retrocopy
LSM2	retrogeneDB2-retrocopy
PRPS1	retrogeneDB2-retrocopy
COX6A1	retrogeneDB2-retrocopy
CBLL1	retrogeneDB2-retrocopy
H1FOO	retrogeneDB2-retrocopy
PKP2	retrogeneDB2-retrocopy
MRPL49	retrogeneDB2-retrocopy
RNPC3	retrogeneDB2-retrocopy
VTA1	retrogeneDB2-retrocopy
GNB2L1	retrogeneDB2-retrocopy
DOK1	retrogeneDB2-retrocopy
TATDN1	retrogeneDB2-retrocopy
KLF7	retrogeneDB2-retrocopy
FAM92A1	retrogeneDB2-retrocopy
PRADC1	retrogeneDB2-retrocopy
WEE2	retrogeneDB2-retrocopy
LYRM4	retrogeneDB2-retrocopy
NDUFAB1	retrogeneDB2-retrocopy
GNA11	retrogeneDB2-retrocopy
BCLAF1	retrogeneDB2-retrocopy
ZNF396	retrogeneDB2-retrocopy
SSBP2	retrogeneDB2-retrocopy
CDK5RAP3	retrogeneDB2-retrocopy
RBMS1	retrogeneDB2-retrocopy
SSR3	retrogeneDB2-retrocopy
KIF4A	retrogeneDB2-retrocopy
SMN2	retrogeneDB2-retrocopy
DLST	retrogeneDB2-retrocopy
PNKD	retrogeneDB2-retrocopy
RTN3	retrogeneDB2-retrocopy
RP11-407N17.3	retrogeneDB2-retrocopy
TUBB3	retrogeneDB2-retrocopy
HNRNPR	retrogeneDB2-retrocopy
DRG1	retrogeneDB2-retrocopy
ATXN3	retrogeneDB2-retrocopy
PRR3	retrogeneDB2-retrocopy
FLYWCH1	retrogeneDB2-retrocopy
AAED1	retrogeneDB2-retrocopy
ATP5L	retrogeneDB2-retrocopy
KPNA7	retrogeneDB2-retrocopy
ATP6AP2	retrogeneDB2-retrocopy
DPF2	retrogeneDB2-retrocopy
CCDC90B	retrogeneDB2-retrocopy
HTR7	retrogeneDB2-retrocopy
CRYZ	retrogeneDB2-retrocopy
DDI2	retrogeneDB2-retrocopy
CNN3	retrogeneDB2-retrocopy
C6orf203	retrogeneDB2-retrocopy
TPRKB	retrogeneDB2-retrocopy
RTN4IP1	retrogeneDB2-retrocopy
TMEM160	retrogeneDB2-retrocopy
RBM7	retrogeneDB2-retrocopy
ATXN7L3	retrogeneDB2-retrocopy
RPL36A-HNRNPH2	retrogeneDB2-retrocopy
ZRSR2	retrogeneDB2-retrocopy
CD53	retrogeneDB2-retrocopy
LAMTOR5	retrogeneDB2-retrocopy
ACOT7	retrogeneDB2-retrocopy
SDC4	retrogeneDB2-retrocopy
TADA1	retrogeneDB2-retrocopy
PSMD12	retrogeneDB2-retrocopy
HMGN3	retrogeneDB2-retrocopy
DDX6	retrogeneDB2-retrocopy
C6orf203	retrogeneDB2-retrocopy
KRTAP5-10	retrogeneDB2-retrocopy
CCDC12	retrogeneDB2-retrocopy
SLC19A3	retrogeneDB2-retrocopy
DAZAP2	retrogeneDB2-retrocopy
CNIH4	retrogeneDB2-retrocopy
COX19	retrogeneDB2-retrocopy
PSMB7	retrogeneDB2-retrocopy
NUFIP1	retrogeneDB2-retrocopy
CCT7	retrogeneDB2-retrocopy
TMPO	retrogeneDB2-retrocopy
TFB2M	retrogeneDB2-retrocopy
YTHDF1	retrogeneDB2-retrocopy
STK16	retrogeneDB2-retrocopy
FAM175A	retrogeneDB2-retrocopy
TMEM254	retrogeneDB2-retrocopy
KHSRP	retrogeneDB2-retrocopy
RNF4	retrogeneDB2-retrocopy
MRPL40	retrogeneDB2-retrocopy
IQCF1	retrogeneDB2-retrocopy
TMX2	retrogeneDB2-retrocopy
PSMA1	retrogeneDB2-retrocopy
SDCCAG3	retrogeneDB2-retrocopy
TPI1	retrogeneDB2-retrocopy
YAP1	retrogeneDB2-retrocopy
SCYL2	retrogeneDB2-retrocopy
MRPL18	retrogeneDB2-retrocopy
RNF5	retrogeneDB2-retrocopy
FHL1	retrogeneDB2-retrocopy
TIMM17B	retrogeneDB2-retrocopy
ACTN4	retrogeneDB2-retrocopy
WIZ	retrogeneDB2-retrocopy
DPH3	retrogeneDB2-retrocopy
ENO1	retrogeneDB2-retrocopy
SAMM50	retrogeneDB2-retrocopy
TXN2	retrogeneDB2-retrocopy
PSMD4	retrogeneDB2-retrocopy
EIF3E	retrogeneDB2-retrocopy
FABP3	retrogeneDB2-retrocopy
ZNF705A	retrogeneDB2-retrocopy
SCAMP1	retrogeneDB2-retrocopy
YBX3	retrogeneDB2-retrocopy
RBMS2	retrogeneDB2-retrocopy
TECR	retrogeneDB2-retrocopy
TAF9	retrogeneDB2-retrocopy
C19orf53	retrogeneDB2-retrocopy
PPDPF	retrogeneDB2-retrocopy
NDUFV2	retrogeneDB2-retrocopy
GTF2A2	retrogeneDB2-retrocopy
ZFAND5	retrogeneDB2-retrocopy
EXOSC3	retrogeneDB2-retrocopy
RAB5C	retrogeneDB2-retrocopy
FAM122C	retrogeneDB2-retrocopy
SSBP1	retrogeneDB2-retrocopy
PSMD2	retrogeneDB2-retrocopy
PGD	retrogeneDB2-retrocopy
CSNK1A1	retrogeneDB2-retrocopy
MED27	retrogeneDB2-retrocopy
POLD2	retrogeneDB2-retrocopy
HINT1	retrogeneDB2-retrocopy
MIPEP	retrogeneDB2-retrocopy
TRAPPC6A	retrogeneDB2-retrocopy
CDCA8	retrogeneDB2-retrocopy
CDK7	retrogeneDB2-retrocopy
KRTCAP2	retrogeneDB2-retrocopy
SLC25A14	retrogeneDB2-retrocopy
NARG2	retrogeneDB2-retrocopy
DUSP3	retrogeneDB2-retrocopy
RLIM	retrogeneDB2-retrocopy
RBM8A	retrogeneDB2-retrocopy
CHM	retrogeneDB2-retrocopy
NCBP2	retrogeneDB2-retrocopy
SMIM14	retrogeneDB2-retrocopy
C12orf29	retrogeneDB2-retrocopy
IGF2BP3	retrogeneDB2-retrocopy
MEST	retrogeneDB2-retrocopy
AMT	retrogeneDB2-retrocopy
NICN1	retrogeneDB2-retrocopy
AKR7A3	retrogeneDB2-retrocopy
PNPT1	retrogeneDB2-retrocopy
SNX32	retrogeneDB2-retrocopy
SUGT1	retrogeneDB2-retrocopy
CHMP4A	retrogeneDB2-retrocopy
PPP1R8	retrogeneDB2-retrocopy
C6orf106	retrogeneDB2-retrocopy
CASP3	retrogeneDB2-retrocopy
FAM45A	retrogeneDB2-retrocopy
MED21	retrogeneDB2-retrocopy
AKIRIN1	retrogeneDB2-retrocopy
ARMC10	retrogeneDB2-retrocopy
YBX2	retrogeneDB2-retrocopy
SKA2	retrogeneDB2-retrocopy
VPS26A	retrogeneDB2-retrocopy
SRD5A1	retrogeneDB2-retrocopy
MTHFD1	retrogeneDB2-retrocopy
ATG12	retrogeneDB2-retrocopy
PYROXD1	retrogeneDB2-retrocopy
PTOV1	retrogeneDB2-retrocopy
GTF2H1	retrogeneDB2-retrocopy
IK	retrogeneDB2-retrocopy
C14orf2	retrogeneDB2-retrocopy
MLF1IP	retrogeneDB2-retrocopy
AKAP8	retrogeneDB2-retrocopy
NDUFS6	retrogeneDB2-retrocopy
VMA21	retrogeneDB2-retrocopy
DSE	retrogeneDB2-retrocopy
DDX55	retrogeneDB2-retrocopy
DFFB	retrogeneDB2-retrocopy
NFU1	retrogeneDB2-retrocopy
THAP3	retrogeneDB2-retrocopy
YKT6	retrogeneDB2-retrocopy
DFFA	retrogeneDB2-retrocopy
OXCT1	retrogeneDB2-retrocopy
OSTF1	retrogeneDB2-retrocopy
SUDS3	retrogeneDB2-retrocopy
PSMC5	retrogeneDB2-retrocopy
FOSL1	retrogeneDB2-retrocopy
PLP2	retrogeneDB2-retrocopy
CBX5	retrogeneDB2-retrocopy
EIF4E2	retrogeneDB2-retrocopy
CCNB1IP1	retrogeneDB2-retrocopy
MRPS6	retrogeneDB2-retrocopy
WBP2	retrogeneDB2-retrocopy
ORC3	retrogeneDB2-retrocopy
AKIRIN2	retrogeneDB2-retrocopy
MTA3	retrogeneDB2-retrocopy
CCDC25	retrogeneDB2-retrocopy
IMMT	retrogeneDB2-retrocopy
CSGALNACT2	retrogeneDB2-retrocopy
PTCD3	retrogeneDB2-retrocopy
TAF5L	retrogeneDB2-retrocopy
COX11	retrogeneDB2-retrocopy
DDX3X	retrogeneDB2-retrocopy
WWP1	retrogeneDB2-retrocopy
NASP	retrogeneDB2-retrocopy
PAIP1	retrogeneDB2-retrocopy
PSME3	retrogeneDB2-retrocopy
FAM204A	retrogeneDB2-retrocopy
COA5	retrogeneDB2-retrocopy
DRAXIN	retrogeneDB2-retrocopy
ELL2	retrogeneDB2-retrocopy
RPL10	retrogeneDB2-retrocopy
THUMPD1	retrogeneDB2-retrocopy
DCAF13	retrogeneDB2-retrocopy
SUCLG2	retrogeneDB2-retrocopy
HADHB	retrogeneDB2-retrocopy
CDV3	retrogeneDB2-retrocopy
AP1S2	retrogeneDB2-retrocopy
NME2	retrogeneDB2-retrocopy
RAB43	retrogeneDB2-retrocopy
PRPF4B	retrogeneDB2-retrocopy
MRRF	retrogeneDB2-retrocopy
SPPL3	retrogeneDB2-retrocopy
NOB1	retrogeneDB2-retrocopy
TNIP2	retrogeneDB2-retrocopy
WDR5	retrogeneDB2-retrocopy
ALDOA	retrogeneDB2-retrocopy
SSBP4	retrogeneDB2-retrocopy
RBX1	retrogeneDB2-retrocopy
SSR4	retrogeneDB2-retrocopy
MIOX	retrogeneDB2-retrocopy
IMPACT	retrogeneDB2-retrocopy
FAM173B	retrogeneDB2-retrocopy
MPZL1	retrogeneDB2-retrocopy
EIF2AK1	retrogeneDB2-retrocopy
COX20	retrogeneDB2-retrocopy
CD2BP2	retrogeneDB2-retrocopy
C16orf72	retrogeneDB2-retrocopy
PTEN	retrogeneDB2-retrocopy
RNMTL1	retrogeneDB2-retrocopy
ZNF75D	retrogeneDB2-retrocopy
F3	retrogeneDB2-retrocopy
CYB5B	retrogeneDB2-retrocopy
C1orf146	retrogeneDB2-retrocopy
TRAF6	retrogeneDB2-retrocopy
RBM17	retrogeneDB2-retrocopy
COA1	retrogeneDB2-retrocopy
TMEM248	retrogeneDB2-retrocopy
TMEM185A	retrogeneDB2-retrocopy
METTL8	retrogeneDB2-retrocopy
TUBG1	retrogeneDB2-retrocopy
RRAGB	retrogeneDB2-retrocopy
CDYL	retrogeneDB2-retrocopy
SAE1	retrogeneDB2-retrocopy
ZNF341	retrogeneDB2-retrocopy
MRPL48	retrogeneDB2-retrocopy
RAB6A	retrogeneDB2-retrocopy
HDGF	retrogeneDB2-retrocopy
ATF1	retrogeneDB2-retrocopy
GOLGA7	retrogeneDB2-retrocopy
TOX4	retrogeneDB2-retrocopy
PLA2G12A	retrogeneDB2-retrocopy
SUPT16H	retrogeneDB2-retrocopy
YES1	retrogeneDB2-retrocopy
IFT20	retrogeneDB2-retrocopy
TMEM97	retrogeneDB2-retrocopy
IGJ	retrogeneDB2-retrocopy
CETN2	retrogeneDB2-retrocopy
SRP9	retrogeneDB2-retrocopy
WBP1L	retrogeneDB2-retrocopy
HADHA	retrogeneDB2-retrocopy
B3GAT3	retrogeneDB2-retrocopy
PRDX4	retrogeneDB2-retrocopy
GABARAPL2	retrogeneDB2-retrocopy
CTNNBL1	retrogeneDB2-retrocopy
PPIL1	retrogeneDB2-retrocopy
NEDD8	retrogeneDB2-retrocopy
PDCD2	retrogeneDB2-retrocopy
NAP1L4	retrogeneDB2-retrocopy
MRPS10	retrogeneDB2-retrocopy
ACER2	retrogeneDB2-retrocopy
SEC13	retrogeneDB2-retrocopy
10-Sep	retrogeneDB2-retrocopy
YWHAZ	retrogeneDB2-retrocopy
FABP7	retrogeneDB2-retrocopy
SNRPN	retrogeneDB2-retrocopy
MSMO1	retrogeneDB2-retrocopy
PINX1	retrogeneDB2-retrocopy
PRDX5	retrogeneDB2-retrocopy
CTBP2	retrogeneDB2-retrocopy
FAM35A	retrogeneDB2-retrocopy
INIP	retrogeneDB2-retrocopy
FAHD2B	retrogeneDB2-retrocopy
SOD2	retrogeneDB2-retrocopy
ZNF207	retrogeneDB2-retrocopy
SLC35C2	retrogeneDB2-retrocopy
DPPA4	retrogeneDB2-retrocopy
AARSD1	retrogeneDB2-retrocopy
CHMP4B	retrogeneDB2-retrocopy
LAGE3	retrogeneDB2-retrocopy
DNAJB12	retrogeneDB2-retrocopy
HSPA5	retrogeneDB2-retrocopy
MTFR1	retrogeneDB2-retrocopy
MCTS1	retrogeneDB2-retrocopy
CDC20	retrogeneDB2-retrocopy
DKKL1	retrogeneDB2-retrocopy
GSTM5	retrogeneDB2-retrocopy
GSTM3	retrogeneDB2-retrocopy
SPIN1	retrogeneDB2-retrocopy
HMGB2	retrogeneDB2-retrocopy
SAP30	retrogeneDB2-retrocopy
SNW1	retrogeneDB2-retrocopy
LGMN	retrogeneDB2-retrocopy
DPPA5	retrogeneDB2-retrocopy
NPM3	retrogeneDB2-retrocopy
UTP14A	retrogeneDB2-retrocopy
TUBB4A	retrogeneDB2-retrocopy
DEF8	retrogeneDB2-retrocopy
IER3IP1	retrogeneDB2-retrocopy
VPS25	retrogeneDB2-retrocopy
LAP3	retrogeneDB2-retrocopy
NUDT9	retrogeneDB2-retrocopy
PPAT	retrogeneDB2-retrocopy
IPO5	retrogeneDB2-retrocopy
ACOT4	retrogeneDB2-retrocopy
CLK2	retrogeneDB2-retrocopy
DCTN5	retrogeneDB2-retrocopy
FUNDC1	retrogeneDB2-retrocopy
UBE3A	retrogeneDB2-retrocopy
ZDHHC3	retrogeneDB2-retrocopy
SYNCRIP	retrogeneDB2-retrocopy
FAM50A	retrogeneDB2-retrocopy
NDFIP1	retrogeneDB2-retrocopy
CEP57L1	retrogeneDB2-retrocopy
IFT80	retrogeneDB2-retrocopy
NTPCR	retrogeneDB2-retrocopy
PCGF1	retrogeneDB2-retrocopy
RAB5A	retrogeneDB2-retrocopy
TRMT2B	retrogeneDB2-retrocopy
UBE2S	retrogeneDB2-retrocopy
GLTSCR2	retrogeneDB2-retrocopy
NOLC1	retrogeneDB2-retrocopy
FAM195A	retrogeneDB2-retrocopy
SS18L2	retrogeneDB2-retrocopy
ATP6V1B2	retrogeneDB2-retrocopy
FRMD8	retrogeneDB2-retrocopy
AP4S1	retrogeneDB2-retrocopy
CASC4	retrogeneDB2-retrocopy
CAPNS1	retrogeneDB2-retrocopy
MPC1	retrogeneDB2-retrocopy
PPP2CA	retrogeneDB2-retrocopy
TMEM192	retrogeneDB2-retrocopy
DDA1	retrogeneDB2-retrocopy
PEX5	retrogeneDB2-retrocopy
BRCC3	retrogeneDB2-retrocopy
NBPF6	retrogeneDB2-retrocopy
MESDC2	retrogeneDB2-retrocopy
CDCA7	retrogeneDB2-retrocopy
GAMT	retrogeneDB2-retrocopy
HMGCS1	retrogeneDB2-retrocopy
EIF5	retrogeneDB2-retrocopy
RRM2	retrogeneDB2-retrocopy
ATP5B	retrogeneDB2-retrocopy
KIAA0895L	retrogeneDB2-retrocopy
POLR3K	retrogeneDB2-retrocopy
SHC1	retrogeneDB2-retrocopy
GAS2L1	retrogeneDB2-retrocopy
TLK2	retrogeneDB2-retrocopy
ZNHIT1	retrogeneDB2-retrocopy
PHB2	retrogeneDB2-retrocopy
CDON	retrogeneDB2-retrocopy
UBQLN1	retrogeneDB2-retrocopy
NAA10	retrogeneDB2-retrocopy
DNAJC7	retrogeneDB2-retrocopy
TMEM92	retrogeneDB2-retrocopy
HPRT1	retrogeneDB2-retrocopy
ARIH2	retrogeneDB2-retrocopy
DESI2	retrogeneDB2-retrocopy
NSFL1C	retrogeneDB2-retrocopy
FKBP1A	retrogeneDB2-retrocopy
PLEKHA8	retrogeneDB2-retrocopy
MRS2	retrogeneDB2-retrocopy
C14orf166	retrogeneDB2-retrocopy
DHX9	retrogeneDB2-retrocopy
PBX2	retrogeneDB2-retrocopy
SUV39H2	retrogeneDB2-retrocopy
SCD	retrogeneDB2-retrocopy
LRRC59	retrogeneDB2-retrocopy
GLTP	retrogeneDB2-retrocopy
HEBP2	retrogeneDB2-retrocopy
PDCD5	retrogeneDB2-retrocopy
COQ10B	retrogeneDB2-retrocopy
VDAC2	retrogeneDB2-retrocopy
EIF5A2	retrogeneDB2-retrocopy
SF3B4	retrogeneDB2-retrocopy
RPS4Y1	retrogeneDB2-retrocopy
SRP19	retrogeneDB2-retrocopy
IDH3G	retrogeneDB2-retrocopy
FOXR1	retrogeneDB2-retrocopy
IMMP1L	retrogeneDB2-retrocopy
PAPOLA	retrogeneDB2-retrocopy
GAR1	retrogeneDB2-retrocopy
SERF2	retrogeneDB2-retrocopy
NXT2	retrogeneDB2-retrocopy
TMEM14B	retrogeneDB2-retrocopy
ACTR1A	retrogeneDB2-retrocopy
RAB11A	retrogeneDB2-retrocopy
SHQ1	retrogeneDB2-retrocopy
ALDH7A1	retrogeneDB2-retrocopy
NECAP1	retrogeneDB2-retrocopy
NDUFA9	retrogeneDB2-retrocopy
CAP2	retrogeneDB2-retrocopy
LSM14A	retrogeneDB2-retrocopy
LETM1	retrogeneDB2-retrocopy
GSTA5	retrogeneDB2-retrocopy
MRPS11	retrogeneDB2-retrocopy
CIAPIN1	retrogeneDB2-retrocopy
COPS5	retrogeneDB2-retrocopy
ME2	retrogeneDB2-retrocopy
ANAPC10	retrogeneDB2-retrocopy
ABCE1	retrogeneDB2-retrocopy
OTUD4	retrogeneDB2-retrocopy
TMEM184C	retrogeneDB2-retrocopy
G3BP1	retrogeneDB2-retrocopy
USE1	retrogeneDB2-retrocopy
SLC39A14	retrogeneDB2-retrocopy
ELF2	retrogeneDB2-retrocopy
ZFAND6	retrogeneDB2-retrocopy
C8orf46	retrogeneDB2-retrocopy
REXO4	retrogeneDB2-retrocopy
SNRNP27	retrogeneDB2-retrocopy
LRRFIP1	retrogeneDB2-retrocopy
PTS	retrogeneDB2-retrocopy
MRPL9	retrogeneDB2-retrocopy
SLC25A33	retrogeneDB2-retrocopy
CCNH	retrogeneDB2-retrocopy
RBM39	retrogeneDB2-retrocopy
MTRF1L	retrogeneDB2-retrocopy
N6AMT1	retrogeneDB2-retrocopy
TVP23B	retrogeneDB2-retrocopy
RNF11	retrogeneDB2-retrocopy
KARS	retrogeneDB2-retrocopy
BOLA2B	retrogeneDB2-retrocopy
IL6R	retrogeneDB2-retrocopy
GMCL1	retrogeneDB2-retrocopy
IDH1	retrogeneDB2-retrocopy
MRPS18A	retrogeneDB2-retrocopy
TSN	retrogeneDB2-retrocopy
CCDC53	retrogeneDB2-retrocopy
SIRT5	retrogeneDB2-retrocopy
ARL8B	retrogeneDB2-retrocopy
LYRM2	retrogeneDB2-retrocopy
NUCKS1	retrogeneDB2-retrocopy
CDC37	retrogeneDB2-retrocopy
HAUS4	retrogeneDB2-retrocopy
POLR2C	retrogeneDB2-retrocopy
MAP2K4	retrogeneDB2-retrocopy
PATL1	retrogeneDB2-retrocopy
G2E3	retrogeneDB2-retrocopy
ALG3	retrogeneDB2-retrocopy
STK24	retrogeneDB2-retrocopy
ALDH2	retrogeneDB2-retrocopy
ATP5C1	retrogeneDB2-retrocopy
RPL22L1	retrogeneDB2-retrocopy
TXNDC9	retrogeneDB2-retrocopy
PRKAR1A	retrogeneDB2-retrocopy
TFG	retrogeneDB2-retrocopy
RIMKLB	retrogeneDB2-retrocopy
DGKZ	retrogeneDB2-retrocopy
RUVBL2	retrogeneDB2-retrocopy
ENOPH1	retrogeneDB2-retrocopy
UFD1L	retrogeneDB2-retrocopy
POLE4	retrogeneDB2-retrocopy
PIGA	retrogeneDB2-retrocopy
AK2	retrogeneDB2-retrocopy
MRPS15	retrogeneDB2-retrocopy
BUB3	retrogeneDB2-retrocopy
HNRNPD	retrogeneDB2-retrocopy
HINT2	retrogeneDB2-retrocopy
CTDSPL2	retrogeneDB2-retrocopy
FAM149B1	retrogeneDB2-retrocopy
PLEKHA3	retrogeneDB2-retrocopy
UHRF2	retrogeneDB2-retrocopy
UBXN2A	retrogeneDB2-retrocopy
MRPL20	retrogeneDB2-retrocopy
PTMS	retrogeneDB2-retrocopy
EIF3J	retrogeneDB2-retrocopy
CDK8	retrogeneDB2-retrocopy
PRELID2	retrogeneDB2-retrocopy
PAGE3	retrogeneDB2-retrocopy
PDLIM7	retrogeneDB2-retrocopy
NONO	retrogeneDB2-retrocopy
SLC25A38	retrogeneDB2-retrocopy
PNP	retrogeneDB2-retrocopy
RAP1A	retrogeneDB2-retrocopy
TJAP1	retrogeneDB2-retrocopy
SAT1	retrogeneDB2-retrocopy
HDAC1	retrogeneDB2-retrocopy
RRAS2	retrogeneDB2-retrocopy
CCNJ	retrogeneDB2-retrocopy
BUD31	retrogeneDB2-retrocopy
LPCAT2	retrogeneDB2-retrocopy
GNL3L	retrogeneDB2-retrocopy
PABPN1	retrogeneDB2-retrocopy
PDZD11	retrogeneDB2-retrocopy
PRDX1	retrogeneDB2-retrocopy
EIF3L	retrogeneDB2-retrocopy
SLC35E3	retrogeneDB2-retrocopy
MAF1	retrogeneDB2-retrocopy
XPO6	retrogeneDB2-retrocopy
GSTM2	retrogeneDB2-retrocopy
HSD17B12	retrogeneDB2-retrocopy
DCAF6	retrogeneDB2-retrocopy
ZCCHC9	retrogeneDB2-retrocopy
MPHOSPH6	retrogeneDB2-retrocopy
RP11-159G9.5	retrogeneDB2-retrocopy
DIO1	retrogeneDB2-retrocopy
ANAPC15	retrogeneDB2-retrocopy
NUP35	retrogeneDB2-retrocopy
SLC25A15	retrogeneDB2-retrocopy
EBPL	retrogeneDB2-retrocopy
OFD1	retrogeneDB2-retrocopy
SLC25A39	retrogeneDB2-retrocopy
ORAOV1	retrogeneDB2-retrocopy
RAD51AP1	retrogeneDB2-retrocopy
RGS17	retrogeneDB2-retrocopy
ZNF670	retrogeneDB2-retrocopy
MSN	retrogeneDB2-retrocopy
IGLON5	retrogeneDB2-retrocopy
APIP	retrogeneDB2-retrocopy
CLK3	retrogeneDB2-retrocopy
PLAC8	retrogeneDB2-retrocopy
TMEM30A	retrogeneDB2-retrocopy
KAT7	retrogeneDB2-retrocopy
WRB	retrogeneDB2-retrocopy
METTL21A	retrogeneDB2-retrocopy
ZDHHC4	retrogeneDB2-retrocopy
CSNK2A1	retrogeneDB2-retrocopy
PAK2	retrogeneDB2-retrocopy
RAD17	retrogeneDB2-retrocopy
FAM192A	retrogeneDB2-retrocopy
JKAMP	retrogeneDB2-retrocopy
TAF9B	retrogeneDB2-retrocopy
IQCB1	retrogeneDB2-retrocopy
PLEKHB2	retrogeneDB2-retrocopy
PABPC1	retrogeneDB2-retrocopy
FAM3C	retrogeneDB2-retrocopy
UBE2M	retrogeneDB2-retrocopy
MPPE1	retrogeneDB2-retrocopy
POLR2E	retrogeneDB2-retrocopy
DND1	retrogeneDB2-retrocopy
METTL21D	retrogeneDB2-retrocopy
SYF2	retrogeneDB2-retrocopy
FAR1	retrogeneDB2-retrocopy
PGK1	retrogeneDB2-retrocopy
LRRC57	retrogeneDB2-retrocopy
HSPA9	retrogeneDB2-retrocopy
TIMM17A	retrogeneDB2-retrocopy
DNAJB14	retrogeneDB2-retrocopy
BDH2	retrogeneDB2-retrocopy
UBE2E3	retrogeneDB2-retrocopy
HIBCH	retrogeneDB2-retrocopy
UBQLN4	retrogeneDB2-retrocopy
MAGOHB	retrogeneDB2-retrocopy
EIF2A	retrogeneDB2-retrocopy
TUBA1B	retrogeneDB2-retrocopy
NOL8	retrogeneDB2-retrocopy
C15orf40	retrogeneDB2-retrocopy
RFESD	retrogeneDB2-retrocopy
NIT2	retrogeneDB2-retrocopy
RAB11FIP1	retrogeneDB2-retrocopy
THAP5	retrogeneDB2-retrocopy
C18orf25	retrogeneDB2-retrocopy
FBL	retrogeneDB2-retrocopy
TUBA1A	retrogeneDB2-retrocopy
PFDN5	retrogeneDB2-retrocopy
PPP2CB	retrogeneDB2-retrocopy
NIPAL1	retrogeneDB2-retrocopy
PRPF3	retrogeneDB2-retrocopy
NUDT5	retrogeneDB2-retrocopy
MRPL3	retrogeneDB2-retrocopy
MLX	retrogeneDB2-retrocopy
TCF3	retrogeneDB2-retrocopy
PDCD10	retrogeneDB2-retrocopy
NDUFB11	retrogeneDB2-retrocopy
ATXN2L	retrogeneDB2-retrocopy
ITGB1BP1	retrogeneDB2-retrocopy
MDH1	retrogeneDB2-retrocopy
BBIP1	retrogeneDB2-retrocopy
EXOC5	retrogeneDB2-retrocopy
SPPL2A	retrogeneDB2-retrocopy
ARG2	retrogeneDB2-retrocopy
ATAD1	retrogeneDB2-retrocopy
PGRMC1	retrogeneDB2-retrocopy
FAM214B	retrogeneDB2-retrocopy
MTX2	retrogeneDB2-retrocopy
AHCTF1	retrogeneDB2-retrocopy
SAP25	retrogeneDB2-retrocopy
MTIF3	retrogeneDB2-retrocopy
NFE2L3	retrogeneDB2-retrocopy
CTSB	retrogeneDB2-retrocopy
MRPL10	retrogeneDB2-retrocopy
NEIL2	retrogeneDB2-retrocopy
DDX43	retrogeneDB2-retrocopy
WDR77	retrogeneDB2-retrocopy
LIMK2	retrogeneDB2-retrocopy
FUNDC2	retrogeneDB2-retrocopy
CT45A5	retrogeneDB2-retrocopy
C12orf45	retrogeneDB2-retrocopy
ACCSL	retrogeneDB2-retrocopy
TSEN2	retrogeneDB2-retrocopy
TVP23C	retrogeneDB2-retrocopy
SRSF6	retrogeneDB2-retrocopy
RAB13	retrogeneDB2-retrocopy
PFDN1	retrogeneDB2-retrocopy
IMPDH2	retrogeneDB2-retrocopy
EWSR1	retrogeneDB2-retrocopy
RNF7	retrogeneDB2-retrocopy
BAG1	retrogeneDB2-retrocopy
FSCN1	retrogeneDB2-retrocopy
LARP4	retrogeneDB2-retrocopy
KIF2A	retrogeneDB2-retrocopy
CKS2	retrogeneDB2-retrocopy
ST3GAL1	retrogeneDB2-retrocopy
BRIX1	retrogeneDB2-retrocopy
CXorf56	retrogeneDB2-retrocopy
CRIP1	retrogeneDB2-retrocopy
ATG3	retrogeneDB2-retrocopy
UBXN2B	retrogeneDB2-retrocopy
GLDC	retrogeneDB2-retrocopy
PEF1	retrogeneDB2-retrocopy
TARBP2	retrogeneDB2-retrocopy
STAR	retrogeneDB2-retrocopy
RHBDF1	retrogeneDB2-retrocopy
RAB1B	retrogeneDB2-retrocopy
GINS2	retrogeneDB2-retrocopy
FGFR1OP2	retrogeneDB2-retrocopy
RIPPLY3	retrogeneDB2-retrocopy
PES1	retrogeneDB2-retrocopy
ADSS	retrogeneDB2-retrocopy
SLC25A20	retrogeneDB2-retrocopy
INTS6	retrogeneDB2-retrocopy
ZDHHC20	retrogeneDB2-retrocopy
DNAJC7	retrogeneDB2-retrocopy
TM2D3	retrogeneDB2-retrocopy
TKT	retrogeneDB2-retrocopy
NAMPT	retrogeneDB2-retrocopy
GABPA	retrogeneDB2-retrocopy
ISYNA1	retrogeneDB2-retrocopy
PPIF	retrogeneDB2-retrocopy
MATR3	retrogeneDB2-retrocopy
SNF8	retrogeneDB2-retrocopy
C18orf21	retrogeneDB2-retrocopy
MRPS24	retrogeneDB2-retrocopy
MRPL19	retrogeneDB2-retrocopy
POLR3D	retrogeneDB2-retrocopy
TAF1	retrogeneDB2-retrocopy
FAM151A	retrogeneDB2-retrocopy
RHBDD1	retrogeneDB2-retrocopy
SCO1	retrogeneDB2-retrocopy
PRMT1	retrogeneDB2-retrocopy
CNEP1R1	retrogeneDB2-retrocopy
C11orf73	retrogeneDB2-retrocopy
RNF126	retrogeneDB2-retrocopy
VEZF1	retrogeneDB2-retrocopy
TRA2A	retrogeneDB2-retrocopy
ATP5A1	retrogeneDB2-retrocopy
MYEOV2	retrogeneDB2-retrocopy
BRWD1	retrogeneDB2-retrocopy
MYL9	retrogeneDB2-retrocopy
MRPL45	retrogeneDB2-retrocopy
IPO7	retrogeneDB2-retrocopy
BECN1	retrogeneDB2-retrocopy
CKS1B	retrogeneDB2-retrocopy
PRKRIR	retrogeneDB2-retrocopy
FAM20B	retrogeneDB2-retrocopy
NT5C3A	retrogeneDB2-retrocopy
PRKACA	retrogeneDB2-retrocopy
GMFB	retrogeneDB2-retrocopy
DYNC1I2	retrogeneDB2-retrocopy
STX18	retrogeneDB2-retrocopy
DCTN6	retrogeneDB2-retrocopy
DNAJC5	retrogeneDB2-retrocopy
MEF2BNB	retrogeneDB2-retrocopy
PLLP	retrogeneDB2-retrocopy
MSRB1	retrogeneDB2-retrocopy
SLC5A1	retrogeneDB2-retrocopy
NME4	retrogeneDB2-retrocopy
C12orf49	retrogeneDB2-retrocopy
SMEK2	retrogeneDB2-retrocopy
SPA17	retrogeneDB2-retrocopy
POLR2M	retrogeneDB2-retrocopy
VPS37A	retrogeneDB2-retrocopy
SPCS1	retrogeneDB2-retrocopy
RNF138	retrogeneDB2-retrocopy
ATP1B1	retrogeneDB2-retrocopy
ARF3	retrogeneDB2-retrocopy
PARL	retrogeneDB2-retrocopy
ERP29	retrogeneDB2-retrocopy
PPP1R11	retrogeneDB2-retrocopy
RNPS1	retrogeneDB2-retrocopy
TTC4	retrogeneDB2-retrocopy
LXN	retrogeneDB2-retrocopy
TDG	retrogeneDB2-retrocopy
SLC6A6	retrogeneDB2-retrocopy
ATP5O	retrogeneDB2-retrocopy
COX4I1	retrogeneDB2-retrocopy
SRSF9	retrogeneDB2-retrocopy
MRPS25	retrogeneDB2-retrocopy
CNBP	retrogeneDB2-retrocopy
GPN3	retrogeneDB2-retrocopy
BET1	retrogeneDB2-retrocopy
TMEM50B	retrogeneDB2-retrocopy
NOC2L	retrogeneDB2-retrocopy
NT5DC1	retrogeneDB2-retrocopy
PDRG1	retrogeneDB2-retrocopy
DCUN1D1	retrogeneDB2-retrocopy
RSRC1	retrogeneDB2-retrocopy
KRAS	retrogeneDB2-retrocopy
AC009065.1	retrogeneDB2-retrocopy
KCTD5	retrogeneDB2-retrocopy
CCNB2	retrogeneDB2-retrocopy
PSMD8	retrogeneDB2-retrocopy
GSTO1	retrogeneDB2-retrocopy
NKAP	retrogeneDB2-retrocopy
RDX	retrogeneDB2-retrocopy
PQLC1	retrogeneDB2-retrocopy
LRRC2	retrogeneDB2-retrocopy
ABT1	retrogeneDB2-retrocopy
SARNP	retrogeneDB2-retrocopy
RP11-683L23.1	retrogeneDB2-retrocopy
EGLN3	retrogeneDB2-retrocopy
TRAM1	retrogeneDB2-retrocopy
C1orf123	retrogeneDB2-retrocopy
UBE2H	retrogeneDB2-retrocopy
MPRIP	retrogeneDB2-retrocopy
GALNT11	retrogeneDB2-retrocopy
E2F3	retrogeneDB2-retrocopy
ARMC1	retrogeneDB2-retrocopy
PTBP1	retrogeneDB2-retrocopy
HK2	retrogeneDB2-retrocopy
AKR1D1	retrogeneDB2-retrocopy
PSMA3	retrogeneDB2-retrocopy
PIGH	retrogeneDB2-retrocopy
SLC25A3	retrogeneDB2-retrocopy
DTWD1	retrogeneDB2-retrocopy
VKORC1	retrogeneDB2-retrocopy
STIP1	retrogeneDB2-retrocopy
HNRNPAB	retrogeneDB2-retrocopy
POLRMT	retrogeneDB2-retrocopy
RPL8	retrogeneDB2-retrocopy
TUBB8	retrogeneDB2-retrocopy
GABARAPL1	retrogeneDB2-retrocopy
LSM12	retrogeneDB2-retrocopy
GPCPD1	retrogeneDB2-retrocopy
SIRPA	retrogeneDB2-retrocopy
PRIM1	retrogeneDB2-retrocopy
GRK6	retrogeneDB2-retrocopy
TCP1	retrogeneDB2-retrocopy
AURKA	retrogeneDB2-retrocopy
SEC11A	retrogeneDB2-retrocopy
VDAC3	retrogeneDB2-retrocopy
MRPL22	retrogeneDB2-retrocopy
TYRO3	retrogeneDB2-retrocopy
TCL1B	retrogeneDB2-retrocopy
ZNF259	retrogeneDB2-retrocopy
ARMC8	retrogeneDB2-retrocopy
USP22	retrogeneDB2-retrocopy
PHC1	retrogeneDB2-retrocopy
ITFG2	retrogeneDB2-retrocopy
BAG4	retrogeneDB2-retrocopy
PACRGL	retrogeneDB2-retrocopy
FNTA	retrogeneDB2-retrocopy
OCIAD2	retrogeneDB2-retrocopy
CENPC	retrogeneDB2-retrocopy
TMEM242	retrogeneDB2-retrocopy
SSX4	retrogeneDB2-retrocopy
TUFM	retrogeneDB2-retrocopy
ZMYND19	retrogeneDB2-retrocopy
SF3B14	retrogeneDB2-retrocopy
COX7A2L	retrogeneDB2-retrocopy
PDHA1	retrogeneDB2-retrocopy
WDR12	retrogeneDB2-retrocopy
SEC61B	retrogeneDB2-retrocopy
RSU1	retrogeneDB2-retrocopy
RBM3	retrogeneDB2-retrocopy
CEP57	retrogeneDB2-retrocopy
PPP3R1	retrogeneDB2-retrocopy
SYPL1	retrogeneDB2-retrocopy
FDX1L	retrogeneDB2-retrocopy
SMIM7	retrogeneDB2-retrocopy
MRPL2	retrogeneDB2-retrocopy
SLC35E1	retrogeneDB2-retrocopy
CNOT6L	retrogeneDB2-retrocopy
BX927168.3	retrogeneDB2-retrocopy
CCDC84	retrogeneDB2-retrocopy
PSIP1	retrogeneDB2-retrocopy
SEC14L1	retrogeneDB2-retrocopy
CHAF1B	retrogeneDB2-retrocopy
NDUFAF2	retrogeneDB2-retrocopy
TMEM161B	retrogeneDB2-retrocopy
CCDC137	retrogeneDB2-retrocopy
HADH	retrogeneDB2-retrocopy
MCUR1	retrogeneDB2-retrocopy
MYL6B	retrogeneDB2-retrocopy
PANK3	retrogeneDB2-retrocopy
RPL36A-HNRNPH2	retrogeneDB2-retrocopy
KLHL12	retrogeneDB2-retrocopy
ZFAND1	retrogeneDB2-retrocopy
SSX2IP	retrogeneDB2-retrocopy
APOOL	retrogeneDB2-retrocopy
RAD1	retrogeneDB2-retrocopy
SH3BGRL3	retrogeneDB2-retrocopy
UFC1	retrogeneDB2-retrocopy
KPNA2	retrogeneDB2-retrocopy
TRAPPC2L	retrogeneDB2-retrocopy
HN1	retrogeneDB2-retrocopy
MRPS23	retrogeneDB2-retrocopy
OBFC1	retrogeneDB2-retrocopy
AIFM1	retrogeneDB2-retrocopy
AP1S1	retrogeneDB2-retrocopy
CRTC1	retrogeneDB2-retrocopy
C11orf74	retrogeneDB2-retrocopy
SERPINH1	retrogeneDB2-retrocopy
SLC25A1	retrogeneDB2-retrocopy
AGAP1	retrogeneDB2-retrocopy
RAB3IL1	retrogeneDB2-retrocopy
RPS18	retrogeneDB2-retrocopy
FAM183A	retrogeneDB2-retrocopy
RPL17-C18orf32	retrogeneDB2-retrocopy
METTL1	retrogeneDB2-retrocopy
PIN1	retrogeneDB2-retrocopy
FECH	retrogeneDB2-retrocopy
FKBP1B	retrogeneDB2-retrocopy
FABP12	retrogeneDB2-retrocopy
MRPS18B	retrogeneDB2-retrocopy
ORMDL1	retrogeneDB2-retrocopy
NSMCE4A	retrogeneDB2-retrocopy
ZNF75D	retrogeneDB2-retrocopy
TAGLN2	retrogeneDB2-retrocopy
TUBB8	retrogeneDB2-retrocopy
COX16	retrogeneDB2-retrocopy
ZCCHC7	retrogeneDB2-retrocopy
RALY	retrogeneDB2-retrocopy
TSEN15	retrogeneDB2-retrocopy
MAP2K2	retrogeneDB2-retrocopy
AP2B1	retrogeneDB2-retrocopy
RALGAPA1	retrogeneDB2-retrocopy
AMMECR1L	retrogeneDB2-retrocopy
FAM206A	retrogeneDB2-retrocopy
UTP18	retrogeneDB2-retrocopy
GLUD1	retrogeneDB2-retrocopy
CDK5	retrogeneDB2-retrocopy
SMU1	retrogeneDB2-retrocopy
TRAPPC2	retrogeneDB2-retrocopy
MRPL11	retrogeneDB2-retrocopy
RPF2	retrogeneDB2-retrocopy
EXOSC8	retrogeneDB2-retrocopy
MRPS5	retrogeneDB2-retrocopy
UQCRC2	retrogeneDB2-retrocopy
C5orf63	retrogeneDB2-retrocopy
CBY1	retrogeneDB2-retrocopy
AKR1B10	retrogeneDB2-retrocopy
HORMAD1	retrogeneDB2-retrocopy
DDX10	retrogeneDB2-retrocopy
GLYR1	retrogeneDB2-retrocopy
VTCN1	retrogeneDB2-retrocopy
NMD3	retrogeneDB2-retrocopy
MTRNR2L1	user_defined-blacklist
MTRNR2L10	user_defined-blacklist
MTRNR2L2	user_defined-blacklist
MTRNR2L3	user_defined-blacklist
MTRNR2L4	user_defined-blacklist
MTRNR2L5	user_defined-blacklist
MTRNR2L6	user_defined-blacklist
MTRNR2L7	user_defined-blacklist
MTRNR2L8	user_defined-blacklist
MTRNR2L9	user_defined-blacklist
